id,name,email,title,remote
1,Bord Jedrysik,bjedrysik0@umn.edu,ASSISTANT MANAGER,false
2,Benni Jeckell,bjeckell1@deliciousdays.com,GRAPHIC DESIGNER,false
3,Brigit Currum,bcurrum2@wsj.com,PROFESSOR,false
4,Tabb Rewan,trewan3@wunderground.com,ELECTRICAL ENGINEER,false
5,Brion Smithend,bsmithend4@cyberchimps.com,RECRUITING MANAGER,false
6,Burch de Almeida,bde5@youtu.be,SOFTWARE CONSULTANT,false
7,Suzette Mutimer,smutimer6@harvard.edu,SPEECH PATHOLOGIST,true
8,Ronny Elias,relias7@w3.org,WEB DESIGNER III,false
9,Benjamen Pignon,bpignon8@gmpg.org,STRUCTURAL ENGINEER,true
10,Pierce Maunders,pmaunders9@imageshack.us,COST ACCOUNTANT,true
11,Wyatan Barroux,wbarrouxa@ucoz.com,QUALITY ENGINEER,true
12,Gare Luckin,gluckinb@csmonitor.com,HEALTH COACH II,true
13,Aguie Wilmott,awilmottc@linkedin.com,ASSOCIATE PROFESSOR,true
14,Marys Leverentz,mleverentzd@miibeian.gov.cn,WEB DESIGNER IV,false
15,Alidia Doughartie,adoughartiee@apple.com,CLINICAL SPECIALIST,true
16,Hersch Haylor,hhaylorf@chron.com,FINANCIAL ADVISOR,true
17,Glenda Leneham,glenehamg@squarespace.com,SOCIAL WORKER,true
18,Adella Morgon,amorgonh@bravesites.com,QUALITY CONTROL SPECIALIST,false
19,Dorris McShirie,dmcshiriei@drupal.org,SENIOR COST ACCOUNTANT,true
20,Wilie Cuxson,wcuxsonj@huffingtonpost.com,COMPENSATION ANALYST,true
21,Worden Rosenfelt,wrosenfeltk@shutterfly.com,RECRUITER,false
22,Maryellen Backhouse,mbackhousel@uiuc.edu,CHIEF DESIGN ENGINEER,true
23,Sterne Behan,sbehanm@bizjournals.com,GIS TECHNICAL ARCHITECT,true
24,Bernadina Mogg,bmoggn@mapy.cz,ADMINISTRATIVE ASSISTANT IV,true
25,Catlin Cours,ccourso@hostgator.com,EDITOR,false
26,Mariejeanne Arrigucci,marriguccip@yelp.com,REGISTERED NURSE,true
27,Lilith Arrighetti,larrighettiq@a8.net,MEDIA MANAGER II,true
28,Magdaia Eliez,meliezr@baidu.com,VP PRODUCT MANAGEMENT,false
29,Nikkie Beasley,nbeasleys@github.com,STRUCTURAL ANALYSIS ENGINEER,true
30,Daryle Alden,daldent@twitter.com,ACCOUNT REPRESENTATIVE II,true
31,Nananne Muldownie,nmuldownieu@sina.com.cn,DATA COORDIATOR,false
32,Deerdre Jacobovitch,djacobovitchv@sfgate.com,ACTUARY,true
33,Lynn Mitchel,lmitchelw@ustream.tv,GEOLOGICAL ENGINEER,false
34,Nicole Clemmensen,nclemmensenx@typepad.com,CLINICAL SPECIALIST,false
35,Vonnie Buddles,vbuddlesy@apache.org,CLINICAL SPECIALIST,true
36,Garner Pinare,gpinarez@csmonitor.com,NUCLEAR POWER ENGINEER,true
37,Lynna Sabben,lsabben10@kickstarter.com,VP QUALITY CONTROL,false
38,Rowan Snugg,rsnugg11@hostgator.com,STRUCTURAL ANALYSIS ENGINEER,true
39,Gwenette Louys,glouys12@comcast.net,COST ACCOUNTANT,false
40,Chaim Jahn,cjahn13@hugedomains.com,VP ACCOUNTING,true
41,Harlin Cino,hcino14@angelfire.com,DESIGN ENGINEER,true
42,Perri Asken,pasken15@accuweather.com,COMMUNITY OUTREACH SPECIALIST,true
43,Mohandas Honywill,mhonywill16@deviantart.com,NURSE,false
44,Katherine Duferie,kduferie17@g.co,MEDIA MANAGER I,false
45,Andreana Moorwood,amoorwood18@com.com,MARKETING ASSISTANT,true
46,Shoshana Wenderoth,swenderoth19@berkeley.edu,FINANCIAL ADVISOR,true
47,Agustin Skurray,askurray1a@ucla.edu,JUNIOR EXECUTIVE,false
48,Bob Gascard,bgascard1b@buzzfeed.com,BUDGET/ACCOUNTING ANALYST I,false
49,Karl Ashelford,kashelford1c@ehow.com,ENGINEER I,false
50,Daniela Ellwell,dellwell1d@youtu.be,QUALITY CONTROL SPECIALIST,true
51,Warde Di Carlo,wdi1e@wsj.com,ANALOG CIRCUIT DESIGN MANAGER,true
52,Penny Duns,pduns1f@sogou.com,OPERATOR,false
53,Izzy Gerrard,igerrard1g@last.fm,PHYSICAL THERAPY ASSISTANT,false
54,Christie Abson,cabson1h@bbc.co.uk,ASSISTANT MANAGER,false
55,Jacquelin Futcher,jfutcher1i@wordpress.com,VP MARKETING,true
56,Smitty Love,slove1j@aboutads.info,HEALTH COACH IV,true
57,Beltran Beamond,bbeamond1k@parallels.com,GEOLOGICAL ENGINEER,true
58,Rosabel Blasetti,rblasetti1l@deliciousdays.com,INTERNAL AUDITOR,false
59,Von Harmour,vharmour1m@nytimes.com,BUDGET/ACCOUNTING ANALYST III,false
60,Tarrance Yann,tyann1n@netscape.com,MARKETING ASSISTANT,false
61,Merridie Hartgill,mhartgill1o@ocn.ne.jp,MARKETING ASSISTANT,false
62,Gertrud Willimot,gwillimot1p@usda.gov,FINANCIAL ANALYST,false
63,Fredelia Morfell,fmorfell1q@domainmarket.com,HEALTH COACH II,true
64,Toma Chatelain,tchatelain1r@about.me,STATISTICIAN III,true
65,Angeli Reddyhoff,areddyhoff1s@taobao.com,TEACHER,false
66,Stephi Kilpin,skilpin1t@kickstarter.com,ENGINEER III,true
67,Abdel Drewett,adrewett1u@gov.uk,STRUCTURAL ANALYSIS ENGINEER,false
68,Niven Louedey,nlouedey1v@ucoz.ru,ANALOG CIRCUIT DESIGN MANAGER,true
69,Ailsun Jakeway,ajakeway1w@people.com.cn,ADMINISTRATIVE OFFICER,false
70,Hobey Cockren,hcockren1x@dion.ne.jp,FOOD CHEMIST,false
71,Bud Pickless,bpickless1y@cpanel.net,OFFICE ASSISTANT I,false
72,Hymie Mutch,hmutch1z@clickbank.net,ANALYST PROGRAMMER,true
73,Mei Beardwood,mbeardwood20@spiegel.de,COMPUTER SYSTEMS ANALYST I,true
74,Frederik Yitzovicz,fyitzovicz21@gizmodo.com,GENERAL MANAGER,true
75,Hayward McCloud,hmccloud22@liveinternet.ru,SENIOR QUALITY ENGINEER,false
76,Jemimah Annandale,jannandale23@simplemachines.org,TEACHER,true
77,Egan Upstell,eupstell24@usda.gov,COMPENSATION ANALYST,false
78,Mathilda MacSorley,mmacsorley25@ft.com,DESIGN ENGINEER,true
79,Maurizio Trownson,mtrownson26@unc.edu,GENERAL MANAGER,true
80,Leroi Beament,lbeament27@toplist.cz,RESEARCH ASSISTANT IV,false
81,Rollins Niblock,rniblock28@amazonaws.com,WEB DESIGNER II,true
82,Rafaelia Blindt,rblindt29@google.com.hk,SAFETY TECHNICIAN II,false
83,Charlotta Ewers,cewers2a@home.pl,ASSISTANT PROFESSOR,false
84,Konstantin Berends,kberends2b@squarespace.com,RECRUITER,true
85,Kerstin Perrat,kperrat2c@e-recht24.de,INFORMATION SYSTEMS MANAGER,false
86,Shel Wetherhead,swetherhead2d@latimes.com,PROGRAMMER III,false
87,Annamarie Hallgate,ahallgate2e@blinklist.com,WEB DEVELOPER III,true
88,Raychel Gable,rgable2f@artisteer.com,BUSINESS SYSTEMS DEVELOPMENT ANALYST,true
89,Lynsey Sexten,lsexten2g@wufoo.com,SENIOR QUALITY ENGINEER,false
90,Sergei Camp,scamp2h@cbc.ca,TECHNICAL WRITER,true
91,Dorey Swaile,dswaile2i@state.gov,ENVIRONMENTAL SPECIALIST,true
92,Ivy Coggings,icoggings2j@moonfruit.com,ADMINISTRATIVE OFFICER,false
93,Danica Persence,dpersence2k@taobao.com,ASSISTANT MANAGER,false
94,Zola Gloyens,zgloyens2l@japanpost.jp,GEOLOGICAL ENGINEER,false
95,Violetta Jaulme,vjaulme2m@archive.org,PROJECT MANAGER,true
96,Letty McMechan,lmcmechan2n@twitter.com,NURSE,false
97,Ignazio Justham,ijustham2o@cam.ac.uk,CHEMICAL ENGINEER,false
98,Lyn Dumbleton,ldumbleton2p@youtu.be,ACCOUNTANT II,true
99,Romain Passo,rpasso2q@technorati.com,BUSINESS SYSTEMS DEVELOPMENT ANALYST,false
100,Cyrillus Berney,cberney2r@eventbrite.com,NUCLEAR POWER ENGINEER,true
101,Romy Oxlee,roxlee2s@yandex.ru,FINANCIAL ANALYST,false
102,Jorge Custed,jcusted2t@odnoklassniki.ru,SPEECH PATHOLOGIST,true
103,Dorian Bedson,dbedson2u@statcounter.com,SENIOR COST ACCOUNTANT,false
104,Townie Ghirardi,tghirardi2v@altervista.org,GRAPHIC DESIGNER,false
105,Vivyan Mindenhall,vmindenhall2w@kickstarter.com,DEVELOPER II,true
106,Teodora Palombi,tpalombi2x@yahoo.co.jp,NURSE,false
107,Emeline Babonau,ebabonau2y@microsoft.com,NURSE,true
108,Terence Kinrade,tkinrade2z@jiathis.com,STATISTICIAN II,false
109,Tomasina Dunkley,tdunkley30@constantcontact.com,ENVIRONMENTAL SPECIALIST,true
110,Addy Lockley,alockley31@yellowbook.com,OPERATOR,true
111,Malva Corneck,mcorneck32@imageshack.us,PROGRAMMER ANALYST I,false
112,Antonin Grisard,agrisard33@nhs.uk,MEDIA MANAGER III,false
113,Allistir Wield,awield34@dell.com,NURSE PRACTICIONER,true
114,Grantley Jarvis,gjarvis35@ftc.gov,INTERNAL AUDITOR,false
115,Robena Hassekl,rhassekl36@bluehost.com,SYSTEMS ADMINISTRATOR II,false
116,Malvina Kuschke,mkuschke37@sbwire.com,STAFF SCIENTIST,true
117,Merle Grund,mgrund38@about.me,PROGRAMMER III,true
118,Adolphus Chasmoor,achasmoor39@networkadvertising.org,DESKTOP SUPPORT TECHNICIAN,false
119,Edna Coleyshaw,ecoleyshaw3a@rediff.com,PHARMACIST,false
120,Raimund Wythe,rwythe3b@phpbb.com,SALES REPRESENTATIVE,true
121,Shannen Medford,smedford3c@buzzfeed.com,RESEARCH ASSISTANT I,true
122,Val Mahmood,vmahmood3d@auda.org.au,STRUCTURAL ENGINEER,false
123,Billie Sandeson,bsandeson3e@issuu.com,GRAPHIC DESIGNER,true
124,Halie Bachnic,hbachnic3f@fotki.com,SENIOR COST ACCOUNTANT,false
125,Elihu Attersoll,eattersoll3g@kickstarter.com,BIOSTATISTICIAN I,false
126,Ulrikaumeko Harome,uharome3h@odnoklassniki.ru,QUALITY ENGINEER,true
127,Adelaida Triner,atriner3i@squidoo.com,WEB DEVELOPER I,true
128,Leland Randle,lrandle3j@1und1.de,CHIEF DESIGN ENGINEER,false
129,Warde Cristou,wcristou3k@blinklist.com,SENIOR COST ACCOUNTANT,false
130,Barbi Durante,bdurante3l@opera.com,VP QUALITY CONTROL,true
131,Marcelo Pancoast,mpancoast3m@ebay.com,RESEARCH NURSE,true
132,Padgett Houdmont,phoudmont3n@zimbio.com,NURSE,false
133,Hasheem Peachman,hpeachman3o@360.cn,DESKTOP SUPPORT TECHNICIAN,true
134,Jana Kydd,jkydd3p@wufoo.com,WEB DEVELOPER I,false
135,Daisi Lewcock,dlewcock3q@cloudflare.com,PRODUCT ENGINEER,false
136,Mohandis Gadd,mgadd3r@princeton.edu,SENIOR QUALITY ENGINEER,true
137,Rebe Southall,rsouthall3s@wsj.com,JUNIOR EXECUTIVE,false
138,Sheilah Dohrmann,sdohrmann3t@dailymotion.com,COMPENSATION ANALYST,false
139,Ariella Benettolo,abenettolo3u@nsw.gov.au,RECRUITING MANAGER,true
140,Darelle Kiltie,dkiltie3v@bizjournals.com,SENIOR QUALITY ENGINEER,false
141,Deina Everiss,deveriss3w@parallels.com,PROFESSOR,true
142,Guntar Edgeson,gedgeson3x@unesco.org,RESEARCH ASSISTANT III,false
143,Valerye Layman,vlayman3y@java.com,INTERNAL AUDITOR,true
144,Trstram Larcher,tlarcher3z@seesaa.net,ACCOUNTING ASSISTANT IV,true
145,Sheffy Selwin,sselwin40@europa.eu,HELP DESK OPERATOR,false
146,Philippine Jancic,pjancic41@nps.gov,NURSE PRACTICIONER,true
147,Austin Lumly,alumly42@parallels.com,SENIOR COST ACCOUNTANT,false
148,Lannie Sadat,lsadat43@unc.edu,ENGINEER IV,true
149,Tansy Iacomettii,tiacomettii44@globo.com,TAX ACCOUNTANT,true
150,Stevy Dohms,sdohms45@arizona.edu,ACCOUNT EXECUTIVE,false
151,Florenza Rubes,frubes46@macromedia.com,ACCOUNT COORDINATOR,true
152,Dallon Packwood,dpackwood47@bbc.co.uk,OCCUPATIONAL THERAPIST,true
153,Minda Harrow,mharrow48@princeton.edu,SENIOR DEVELOPER,false
154,Kimmi Slate,kslate49@mit.edu,STRUCTURAL ANALYSIS ENGINEER,false
155,Luisa MacPeice,lmacpeice4a@hexun.com,HUMAN RESOURCES MANAGER,true
156,Philis Stoneley,pstoneley4b@mtv.com,PROJECT MANAGER,false
157,Rodolfo Akers,rakers4c@ca.gov,FOOD CHEMIST,true
158,Wilow Macklin,wmacklin4d@hugedomains.com,PAYMENT ADJUSTMENT COORDINATOR,true
159,Philippine Casarini,pcasarini4e@symantec.com,HUMAN RESOURCES MANAGER,true
160,Katherine Hackworth,khackworth4f@sbwire.com,GRAPHIC DESIGNER,true
161,Neddy Stronghill,nstronghill4g@netlog.com,CLINICAL SPECIALIST,false
162,Sergio Gypson,sgypson4h@dion.ne.jp,CHIEF DESIGN ENGINEER,true
163,Jdavie Lars,jlars4i@shareasale.com,ACCOUNT COORDINATOR,false
164,Marline Jobbings,mjobbings4j@instagram.com,SOFTWARE CONSULTANT,true
165,Joellyn Studdert,jstuddert4k@archive.org,VP MARKETING,true
166,Aime Cobbold,acobbold4l@wikipedia.org,LIBRARIAN,false
167,Debera Bullers,dbullers4m@wsj.com,NURSE,false
168,Trina Wisniewski,twisniewski4n@rakuten.co.jp,QUALITY CONTROL SPECIALIST,false
169,Garv Clapison,gclapison4o@ycombinator.com,ASSOCIATE PROFESSOR,true
170,Gina Whetland,gwhetland4p@mapy.cz,STAFF ACCOUNTANT III,true
171,Kippy Seres,kseres4q@webeden.co.uk,DATABASE ADMINISTRATOR II,true
172,Nicolette Gosz,ngosz4r@uiuc.edu,ASSISTANT MANAGER,false
173,Nico Kleehuhler,nkleehuhler4s@sfgate.com,COMPUTER SYSTEMS ANALYST IV,false
174,Stacee Splaven,ssplaven4t@cbc.ca,REGISTERED NURSE,true
175,Sibylla Antyukhin,santyukhin4u@prnewswire.com,ANALOG CIRCUIT DESIGN MANAGER,true
176,Corby Hancill,chancill4v@marketwatch.com,ASSOCIATE PROFESSOR,false
177,Tonia Lathwell,tlathwell4w@blog.com,VP QUALITY CONTROL,false
178,Luisa Bohman,lbohman4x@e-recht24.de,FOOD CHEMIST,false
179,Josie Allabush,jallabush4y@npr.org,OFFICE ASSISTANT III,true
180,Maximilien Copozio,mcopozio4z@friendfeed.com,BIOSTATISTICIAN IV,true
181,Mick Tammadge,mtammadge50@baidu.com,REGISTERED NURSE,false
182,Douglas Ingamells,dingamells51@huffingtonpost.com,HUMAN RESOURCES MANAGER,true
183,Myrle Rime,mrime52@photobucket.com,CHEMICAL ENGINEER,true
184,Lura Negri,lnegri53@lulu.com,SENIOR COST ACCOUNTANT,true
185,Welbie Martyntsev,wmartyntsev54@furl.net,DESKTOP SUPPORT TECHNICIAN,false
186,Ewell Babber,ebabber55@va.gov,OFFICE ASSISTANT III,false
187,Nedi Hanigan,nhanigan56@arstechnica.com,ADMINISTRATIVE ASSISTANT IV,false
188,Trudi Kirwood,tkirwood57@yandex.ru,PROFESSOR,false
189,Hyatt De Zamudio,hde58@nsw.gov.au,COMPENSATION ANALYST,false
190,Rolando Persey,rpersey59@samsung.com,HELP DESK OPERATOR,false
191,Anthiathia Walak,awalak5a@etsy.com,GRAPHIC DESIGNER,true
192,Ermengarde Slyme,eslyme5b@discuz.net,SALES ASSOCIATE,true
193,Amelita Hattoe,ahattoe5c@theguardian.com,SALES REPRESENTATIVE,true
194,Jermaine Brandsma,jbrandsma5d@adobe.com,SOFTWARE ENGINEER III,false
195,Jo Fern,jfern5e@bloglines.com,SENIOR EDITOR,false
196,Trip Eastwood,teastwood5f@paginegialle.it,COMPUTER SYSTEMS ANALYST I,true
197,Meta Le Friec,mle5g@usgs.gov,CLINICAL SPECIALIST,false
198,Cordey Corssen,ccorssen5h@sfgate.com,SENIOR COST ACCOUNTANT,true
199,Harlene Cassar,hcassar5i@telegraph.co.uk,DIRECTOR OF SALES,false
200,Carri Aleixo,caleixo5j@printfriendly.com,RESEARCH ASSISTANT III,false
201,Clo Roxburgh,croxburgh5k@fema.gov,GEOLOGICAL ENGINEER,true
202,Kaitlyn Attride,kattride5l@hao123.com,SENIOR DEVELOPER,false
203,Phebe MacCafferty,pmaccafferty5m@sina.com.cn,SOCIAL WORKER,true
204,Leone Coast,lcoast5n@netvibes.com,VP ACCOUNTING,false
205,Jackie Bonehill,jbonehill5o@mozilla.org,RECRUITING MANAGER,true
206,Keely Attawell,kattawell5p@flickr.com,MARKETING ASSISTANT,true
207,Holly-anne Duffan,hduffan5q@biblegateway.com,DENTAL HYGIENIST,false
208,Goldi Fearnside,gfearnside5r@tumblr.com,GEOLOGIST I,false
209,Parsifal Issacof,pissacof5s@umn.edu,TAX ACCOUNTANT,true
210,Marwin Spurriar,mspurriar5t@photobucket.com,ACCOUNT REPRESENTATIVE I,true
211,Dalila Culmer,dculmer5u@msu.edu,STRUCTURAL ANALYSIS ENGINEER,true
212,Chet Jochanany,cjochanany5v@phoca.cz,ADMINISTRATIVE ASSISTANT IV,true
213,Wynn Colleer,wcolleer5w@ebay.com,ENGINEER III,false
214,Phedra Kearford,pkearford5x@google.cn,ACCOUNT EXECUTIVE,false
215,Holli Fannon,hfannon5y@blogspot.com,ADMINISTRATIVE ASSISTANT II,true
216,Kenon Patton,kpatton5z@uiuc.edu,SENIOR SALES ASSOCIATE,false
217,Bonnibelle Gammett,bgammett60@com.com,GIS TECHNICAL ARCHITECT,true
218,Danie Zannotelli,dzannotelli61@cocolog-nifty.com,DESKTOP SUPPORT TECHNICIAN,true
219,Clerissa Foyle,cfoyle62@macromedia.com,VP PRODUCT MANAGEMENT,true
220,Dewain Callicott,dcallicott63@youku.com,MECHANICAL SYSTEMS ENGINEER,false
221,Tabitha Mingaye,tmingaye64@wix.com,VP SALES,true
222,Aron Craighead,acraighead65@discuz.net,RESEARCH NURSE,false
223,Mel Nettleship,mnettleship66@google.nl,LEGAL ASSISTANT,false
224,Harland Chatwood,hchatwood67@devhub.com,SYSTEMS ADMINISTRATOR III,true
225,Irv Cuttin,icuttin68@examiner.com,VP SALES,false
226,Cathee Edgerley,cedgerley69@bandcamp.com,HUMAN RESOURCES ASSISTANT IV,true
227,Lanny Nugent,lnugent6a@sina.com.cn,LEGAL ASSISTANT,true
228,Haily Krikorian,hkrikorian6b@imdb.com,INTERNAL AUDITOR,true
229,Dinnie Baumert,dbaumert6c@hud.gov,ENVIRONMENTAL SPECIALIST,true
230,Oswell Gotmann,ogotmann6d@tripod.com,BUDGET/ACCOUNTING ANALYST IV,true
231,Woodrow Brandolini,wbrandolini6e@wordpress.org,PRODUCT ENGINEER,true
232,Rochester Terrington,rterrington6f@narod.ru,RECRUITER,true
233,Drugi Kidstoun,dkidstoun6g@google.com.au,COMMUNITY OUTREACH SPECIALIST,true
234,Raquela Simnor,rsimnor6h@uol.com.br,INTERNAL AUDITOR,false
235,Peggi Trowill,ptrowill6i@japanpost.jp,SAFETY TECHNICIAN IV,false
236,Dannel O'Lehane,dolehane6j@sfgate.com,PAYMENT ADJUSTMENT COORDINATOR,false
237,Aldric Sterricks,asterricks6k@fema.gov,RECRUITING MANAGER,true
238,Allen Rable,arable6l@ftc.gov,BUSINESS SYSTEMS DEVELOPMENT ANALYST,true
239,Nikolos Bausor,nbausor6m@wikia.com,PHYSICAL THERAPY ASSISTANT,true
240,Rois Girhard,rgirhard6n@cnn.com,HUMAN RESOURCES ASSISTANT II,true
241,Willow Jecock,wjecock6o@infoseek.co.jp,SOCIAL WORKER,true
242,Dale Dominelli,ddominelli6p@ucsd.edu,HUMAN RESOURCES MANAGER,true
243,Ursa Hardwin,uhardwin6q@wikipedia.org,SALES REPRESENTATIVE,false
244,Langsdon Swinden,lswinden6r@exblog.jp,GENERAL MANAGER,true
245,Merilee Greggor,mgreggor6s@buzzfeed.com,RECRUITING MANAGER,false
246,Rae Ventom,rventom6t@webs.com,QUALITY ENGINEER,false
247,Erastus Goeff,egoeff6u@msn.com,SENIOR QUALITY ENGINEER,true
248,Jeralee Lamort,jlamort6v@google.com.hk,GRAPHIC DESIGNER,false
249,Bartram Taplin,btaplin6w@hostgator.com,EXECUTIVE SECRETARY,true
250,Dan Aimeric,daimeric6x@mysql.com,STRUCTURAL ENGINEER,true
251,Elbertine Harrigan,eharrigan6y@furl.net,ACCOUNTING ASSISTANT I,true
252,Antonin Coplestone,acoplestone6z@hubpages.com,QUALITY ENGINEER,false
253,Gracie Dungey,gdungey70@theatlantic.com,PROJECT MANAGER,false
254,Clemens Abelevitz,cabelevitz71@technorati.com,VP ACCOUNTING,false
255,Abbie Abdy,aabdy72@dmoz.org,MECHANICAL SYSTEMS ENGINEER,false
256,Tito Arnoult,tarnoult73@naver.com,SOFTWARE CONSULTANT,true
257,Shanda Melmeth,smelmeth74@fastcompany.com,TEACHER,true
258,Fabe Collinson,fcollinson75@opera.com,PHARMACIST,true
259,Gaspard Faveryear,gfaveryear76@thetimes.co.uk,HUMAN RESOURCES ASSISTANT IV,true
260,Casey Le Grand,cle77@sina.com.cn,PAYMENT ADJUSTMENT COORDINATOR,true
261,Elenore Cancellario,ecancellario78@ucsd.edu,SPEECH PATHOLOGIST,false
262,Zachary Harp,zharp79@woothemes.com,STATISTICIAN IV,false
263,Maximilianus Marran,mmarran7a@amazon.com,SOFTWARE ENGINEER IV,false
264,Keith Huyche,khuyche7b@foxnews.com,ACCOUNTANT I,false
265,Lothaire Pigdon,lpigdon7c@sciencedaily.com,PHYSICAL THERAPY ASSISTANT,false
266,Honor Fudge,hfudge7d@jiathis.com,ASSOCIATE PROFESSOR,false
267,Lusa Olczyk,lolczyk7e@state.gov,ANALYST PROGRAMMER,true
268,Emanuel Lawden,elawden7f@trellian.com,HUMAN RESOURCES ASSISTANT IV,true
269,Vassili Radden,vradden7g@g.co,WEB DESIGNER II,true
270,Giustina Gross,ggross7h@homestead.com,ADMINISTRATIVE ASSISTANT IV,false
271,Udell Entres,uentres7i@nifty.com,SENIOR COST ACCOUNTANT,true
272,Bernette Legge,blegge7j@cnet.com,ENVIRONMENTAL SPECIALIST,false
273,Helenka LeEstut,hleestut7k@360.cn,GEOLOGIST I,false
274,Quincy Sendall,qsendall7l@salon.com,STRUCTURAL ANALYSIS ENGINEER,false
275,Ilise Sennett,isennett7m@com.com,SENIOR SALES ASSOCIATE,true
276,Barth Oller,boller7n@godaddy.com,ACCOUNTING ASSISTANT II,true
277,Murielle Hodgins,mhodgins7o@exblog.jp,RECRUITING MANAGER,false
278,Trixy Starkey,tstarkey7p@amazon.com,PROJECT MANAGER,false
279,Camellia Jirousek,cjirousek7q@printfriendly.com,MEDIA MANAGER IV,false
280,Ravi Feake,rfeake7r@icq.com,REGISTERED NURSE,true
281,Town Foord,tfoord7s@usgs.gov,MEDIA MANAGER I,false
282,Ailene Hardeman,ahardeman7t@chron.com,RECRUITING MANAGER,false
283,Peirce Gorioli,pgorioli7u@xing.com,EDITOR,true
284,Raynard Bome,rbome7v@seesaa.net,STRUCTURAL ANALYSIS ENGINEER,false
285,Bibby Subhan,bsubhan7w@va.gov,BIOSTATISTICIAN I,true
286,Letizia Gilfether,lgilfether7x@slate.com,EXECUTIVE SECRETARY,false
287,Lorry Radford,lradford7y@unc.edu,TAX ACCOUNTANT,true
288,Rafa Risely,rrisely7z@miibeian.gov.cn,ASSOCIATE PROFESSOR,true
289,Germain Jowett,gjowett80@globo.com,ELECTRICAL ENGINEER,true
290,Roley Amott,ramott81@storify.com,COMPENSATION ANALYST,false
291,Durant Moorman,dmoorman82@t-online.de,FINANCIAL ANALYST,true
292,Rem Bownas,rbownas83@jiathis.com,QUALITY CONTROL SPECIALIST,true
293,Ruthe Frany,rfrany84@fastcompany.com,ACCOUNT EXECUTIVE,true
294,Elset Rutherforth,erutherforth85@phpbb.com,CIVIL ENGINEER,true
295,Meredith Loades,mloades86@netscape.com,PROFESSOR,true
296,Guglielmo Belson,gbelson87@oaic.gov.au,HUMAN RESOURCES MANAGER,true
297,Annis Brosio,abrosio88@wsj.com,DATA COORDIATOR,false
298,Guy Goadsby,ggoadsby89@sohu.com,SPEECH PATHOLOGIST,false
299,Moritz Smallwood,msmallwood8a@boston.com,STATISTICIAN I,false
300,Darill Schutt,dschutt8b@usatoday.com,OFFICE ASSISTANT IV,true
301,Viviyan Wey,vwey8c@redcross.org,TAX ACCOUNTANT,true
302,Star Steven,ssteven8d@drupal.org,GIS TECHNICAL ARCHITECT,true
303,Stanford Van der Kruis,svan8e@theguardian.com,ASSOCIATE PROFESSOR,false
304,Jack Eastby,jeastby8f@guardian.co.uk,TECHNICAL WRITER,true
305,Julietta Dracey,jdracey8g@youku.com,VP PRODUCT MANAGEMENT,false
306,Sammy Benedit,sbenedit8h@ox.ac.uk,HELP DESK TECHNICIAN,false
307,Harmony Scarth,hscarth8i@biglobe.ne.jp,TAX ACCOUNTANT,true
308,Garreth McWhorter,gmcwhorter8j@marketwatch.com,EXECUTIVE SECRETARY,true
309,Ailina Debow,adebow8k@europa.eu,DENTAL HYGIENIST,false
310,Gaven Humphries,ghumphries8l@unesco.org,ASSISTANT PROFESSOR,true
311,Ignatius Kobes,ikobes8m@si.edu,HEALTH COACH I,true
312,Shaun Jedrysik,sjedrysik8n@wordpress.org,PROFESSOR,true
313,Andres Titley,atitley8o@whitehouse.gov,SOFTWARE TEST ENGINEER I,true
314,Giustino Lichtfoth,glichtfoth8p@boston.com,ACCOUNTING ASSISTANT III,true
315,Kendra Leefe,kleefe8q@wordpress.com,OCCUPATIONAL THERAPIST,true
316,Genevieve Sphinxe,gsphinxe8r@nifty.com,DENTAL HYGIENIST,false
317,Garey Melburg,gmelburg8s@creativecommons.org,INFORMATION SYSTEMS MANAGER,false
318,Jourdain Footitt,jfootitt8t@gizmodo.com,VP SALES,true
319,Rockwell Plunket,rplunket8u@e-recht24.de,COST ACCOUNTANT,false
320,Ginelle Zavittieri,gzavittieri8v@yale.edu,REGISTERED NURSE,false
321,Inna Simnel,isimnel8w@time.com,HELP DESK OPERATOR,false
322,Rosalind MacCostye,rmaccostye8x@moonfruit.com,BIOSTATISTICIAN II,true
323,Welch Jeroch,wjeroch8y@github.io,ADMINISTRATIVE ASSISTANT I,false
324,Oralle Mushet,omushet8z@usda.gov,SENIOR DEVELOPER,true
325,Krystle Osborn,kosborn90@sourceforge.net,SENIOR COST ACCOUNTANT,true
326,Denys Virgo,dvirgo91@discuz.net,NUCLEAR POWER ENGINEER,false
327,Taber Mottershead,tmottershead92@chronoengine.com,ENVIRONMENTAL SPECIALIST,false
328,Lisle Tilte,ltilte93@answers.com,ACCOUNTANT I,false
329,Arline Fursland,afursland94@ifeng.com,MARKETING ASSISTANT,false
330,Alyse Housecroft,ahousecroft95@blogspot.com,RESEARCH ASSISTANT I,false
331,Wilmette Ecles,wecles96@freewebs.com,ASSISTANT MANAGER,true
332,Chrysler Baraja,cbaraja97@goodreads.com,SENIOR FINANCIAL ANALYST,true
333,Idell Ghelarducci,ighelarducci98@biblegateway.com,PROJECT MANAGER,true
334,Boonie Sole,bsole99@hatena.ne.jp,ASSISTANT MANAGER,true
335,Rowen Crooke,rcrooke9a@tripadvisor.com,BUDGET/ACCOUNTING ANALYST III,false
336,Aubrette Arnal,aarnal9b@microsoft.com,INFORMATION SYSTEMS MANAGER,false
337,Elisha Dello,edello9c@tripod.com,ELECTRICAL ENGINEER,false
338,Darnall Duker,dduker9d@tinypic.com,CHIEF DESIGN ENGINEER,true
339,Janot Jirzik,jjirzik9e@trellian.com,CLINICAL SPECIALIST,false
340,Jeannie O' Shea,jo9f@nymag.com,FOOD CHEMIST,true
341,Barnebas Wickrath,bwickrath9g@posterous.com,QUALITY CONTROL SPECIALIST,false
342,Paten Scardafield,pscardafield9h@plala.or.jp,PAYMENT ADJUSTMENT COORDINATOR,false
343,Geoffrey Gudgen,ggudgen9i@moonfruit.com,GIS TECHNICAL ARCHITECT,false
344,Mead Rebillard,mrebillard9j@tripod.com,SAFETY TECHNICIAN II,true
345,Anna-diane Mannix,amannix9k@bbc.co.uk,WEB DESIGNER IV,true
346,Lindon Clendening,lclendening9l@walmart.com,ACCOUNTING ASSISTANT III,false
347,Gordy Vedeniktov,gvedeniktov9m@icq.com,SALES REPRESENTATIVE,false
348,Elizabeth Towl,etowl9n@last.fm,RECRUITING MANAGER,false
349,Cybil Gentle,cgentle9o@paypal.com,PRODUCT ENGINEER,false
350,Thor Dunster,tdunster9p@webnode.com,PHYSICAL THERAPY ASSISTANT,true
351,Collete Rissom,crissom9q@archive.org,HUMAN RESOURCES MANAGER,true
352,Octavius Kalf,okalf9r@cargocollective.com,JUNIOR EXECUTIVE,true
353,Stillman Labba,slabba9s@yandex.ru,GENERAL MANAGER,false
354,Anallise Diggins,adiggins9t@skype.com,PROGRAMMER III,true
355,Avram Matchett,amatchett9u@nasa.gov,SPEECH PATHOLOGIST,true
356,Garnette Tuffell,gtuffell9v@answers.com,STRUCTURAL ANALYSIS ENGINEER,false
357,Iago Tran,itran9w@examiner.com,OCCUPATIONAL THERAPIST,true
358,Gabe Risby,grisby9x@wisc.edu,CLINICAL SPECIALIST,false
359,Christoffer Finker,cfinker9y@usgs.gov,SENIOR FINANCIAL ANALYST,false
360,Todd Gerhartz,tgerhartz9z@npr.org,SENIOR FINANCIAL ANALYST,true
361,Rolf Grennan,rgrennana0@fc2.com,INTERNAL AUDITOR,false
362,Melesa Muldownie,mmuldowniea1@jalbum.net,COMMUNITY OUTREACH SPECIALIST,false
363,Llewellyn Ghelarducci,lghelarduccia2@apache.org,ACCOUNT REPRESENTATIVE II,true
364,Caroljean Pinnigar,cpinnigara3@ehow.com,ENVIRONMENTAL SPECIALIST,false
365,Lusa Goodredge,lgoodredgea4@earthlink.net,LEGAL ASSISTANT,false
366,Mallissa Joss,mjossa5@toplist.cz,ACCOUNT COORDINATOR,false
367,Nike MacPherson,nmacphersona6@hostgator.com,GEOLOGIST III,true
368,Myrwyn Stores,mstoresa7@lycos.com,FINANCIAL ANALYST,false
369,Sayre Khalid,skhalida8@multiply.com,TECHNICAL WRITER,false
370,Red Milkins,rmilkinsa9@cdbaby.com,BUSINESS SYSTEMS DEVELOPMENT ANALYST,false
371,Abelard Jeffress,ajeffressaa@stanford.edu,TECHNICAL WRITER,false
372,Rancell Vescovini,rvescoviniab@bandcamp.com,EDITOR,false
373,Trudie Joskowitz,tjoskowitzac@theatlantic.com,INTERNAL AUDITOR,true
374,Hedda Cartwight,hcartwightad@freewebs.com,HUMAN RESOURCES MANAGER,true
375,Linda Ockwell,lockwellae@geocities.jp,ACCOUNT REPRESENTATIVE II,false
376,Damien Matskevich,dmatskevichaf@discovery.com,SENIOR DEVELOPER,false
377,Alayne Bunch,abunchag@marketwatch.com,DEVELOPER II,false
378,Cy Caig,ccaigah@1688.com,TAX ACCOUNTANT,true
379,Stanislaw Cutbirth,scutbirthai@t.co,ACTUARY,true
380,Dorice Labeuil,dlabeuilaj@china.com.cn,LIBRARIAN,false
381,Giacobo Newgrosh,gnewgroshak@cyberchimps.com,GIS TECHNICAL ARCHITECT,true
382,Lowe Wardrope,lwardropeal@washingtonpost.com,DESIGN ENGINEER,false
383,Clarine Levine,clevineam@japanpost.jp,STRUCTURAL ANALYSIS ENGINEER,false
384,Tiena Wilde,twildean@bbc.co.uk,DESIGN ENGINEER,false
385,Catherin Bickerstasse,cbickerstasseao@sohu.com,EDITOR,false
386,Jayme Cockhill,jcockhillap@ucsd.edu,MECHANICAL SYSTEMS ENGINEER,true
387,Beatriz Snalom,bsnalomaq@dailymotion.com,SOCIAL WORKER,true
388,Spencer Willden,swilldenar@friendfeed.com,INTERNAL AUDITOR,false
389,Colene Killner,ckillneras@marriott.com,JUNIOR EXECUTIVE,false
390,Cassaundra Damp,cdampat@nbcnews.com,STAFF SCIENTIST,false
391,Ramonda Lassey,rlasseyau@blinklist.com,ASSISTANT MEDIA PLANNER,false
392,Simone Lovick,slovickav@indiatimes.com,COST ACCOUNTANT,true
393,Devy Klaessen,dklaessenaw@wp.com,VP QUALITY CONTROL,true
394,Christiana Parkhouse,cparkhouseax@usnews.com,HUMAN RESOURCES MANAGER,false
395,Mamie McGloin,mmcgloinay@google.com,VP QUALITY CONTROL,true
396,Margaretta Grigoletti,mgrigolettiaz@fotki.com,COST ACCOUNTANT,false
397,Gene Carrabot,gcarrabotb0@spotify.com,SOCIAL WORKER,true
398,Tressa Pawley,tpawleyb1@bigcartel.com,SALES REPRESENTATIVE,true
399,Lorant Manuelli,lmanuellib2@sourceforge.net,HUMAN RESOURCES ASSISTANT I,false
400,Dario Beaulieu,dbeaulieub3@canalblog.com,PROJECT MANAGER,false
401,Natal Bendare,nbendareb4@baidu.com,GEOLOGIST IV,false
402,Nance Claridge,nclaridgeb5@amazon.com,LIBRARIAN,true
403,Valerye Grizard,vgrizardb6@dedecms.com,STRUCTURAL ENGINEER,true
404,Sebastiano Brackenbury,sbrackenburyb7@weebly.com,SOFTWARE TEST ENGINEER III,false
405,Marquita Alps,malpsb8@rediff.com,ENVIRONMENTAL SPECIALIST,true
406,Gilligan McCaughen,gmccaughenb9@flavors.me,TAX ACCOUNTANT,true
407,Addie Francescuccio,afrancescuccioba@economist.com,EDITOR,false
408,Bel Tolmie,btolmiebb@tinyurl.com,VP SALES,true
409,Stacie Nolte,snoltebc@wunderground.com,SAFETY TECHNICIAN III,true
410,Robbi Cass,rcassbd@clickbank.net,RECRUITING MANAGER,false
411,Edna Follen,efollenbe@washington.edu,CIVIL ENGINEER,false
412,Nola Scamerden,nscamerdenbf@nbcnews.com,TEACHER,false
413,Franz Bernardini,fbernardinibg@hp.com,INTERNAL AUDITOR,false
414,Caralie Haggar,chaggarbh@comsenz.com,ASSOCIATE PROFESSOR,true
415,Mozelle Dollimore,mdollimorebi@indiegogo.com,STRUCTURAL ENGINEER,false
416,Allison Assaf,aassafbj@wikia.com,TAX ACCOUNTANT,true
417,Rriocard Royall,rroyallbk@ibm.com,EXECUTIVE SECRETARY,false
418,Simeon Rushford,srushfordbl@google.com.au,RESEARCH NURSE,true
419,Welsh Matheson,wmathesonbm@bloomberg.com,SENIOR SALES ASSOCIATE,false
420,Annaliese Zecchetti,azecchettibn@discuz.net,VP MARKETING,true
421,Robinet Laudham,rlaudhambo@netvibes.com,BIOSTATISTICIAN I,false
422,Trent Skirven,tskirvenbp@cmu.edu,SOFTWARE TEST ENGINEER III,true
423,Veronica Umbert,vumbertbq@purevolume.com,VP SALES,true
424,Wenda Wilfing,wwilfingbr@bing.com,HELP DESK TECHNICIAN,false
425,Shanda Valentino,svalentinobs@walmart.com,NURSE PRACTICIONER,false
426,Loreen Whyler,lwhylerbt@wp.com,ACCOUNTANT I,false
427,Claiborn Castagna,ccastagnabu@google.co.uk,SAFETY TECHNICIAN II,false
428,Lorianne Verchambre,lverchambrebv@examiner.com,VP SALES,false
429,Zulema Cuss,zcussbw@abc.net.au,WEB DESIGNER II,false
430,Lacey Goodredge,lgoodredgebx@yahoo.com,ACCOUNTANT IV,false
431,Morten Blaik,mblaikby@upenn.edu,HELP DESK OPERATOR,false
432,Eileen Brandom,ebrandombz@ucsd.edu,DIRECTOR OF SALES,true
433,Kariotta Landes,klandesc0@vk.com,INTERNAL AUDITOR,true
434,Flinn Clew,fclewc1@newsvine.com,ASSISTANT MANAGER,true
435,Cris Jeffels,cjeffelsc2@exblog.jp,RECRUITING MANAGER,false
436,Morey Taggart,mtaggartc3@goo.gl,SOFTWARE CONSULTANT,false
437,Adrian Knevett,aknevettc4@cbsnews.com,HELP DESK OPERATOR,false
438,Corby Abdie,cabdiec5@rediff.com,STATISTICIAN III,false
439,Cal Falco,cfalcoc6@liveinternet.ru,SOFTWARE TEST ENGINEER II,true
440,Ola Martignoni,omartignonic7@freewebs.com,VP ACCOUNTING,true
441,Glynis Camellini,gcamellinic8@people.com.cn,VP PRODUCT MANAGEMENT,true
442,Florencia Leel,fleelc9@adobe.com,STAFF SCIENTIST,false
443,Avrom Novill,anovillca@tumblr.com,GEOLOGICAL ENGINEER,true
444,Rae Simnell,rsimnellcb@paginegialle.it,ACCOUNT REPRESENTATIVE I,true
445,Jena Mackness,jmacknesscc@craigslist.org,NUCLEAR POWER ENGINEER,false
446,Benjamen Shere,bsherecd@globo.com,ACTUARY,true
447,Lorine Smartman,lsmartmance@cisco.com,PROJECT MANAGER,false
448,Trent Slowcock,tslowcockcf@blogger.com,ACTUARY,false
449,Hugh Hundell,hhundellcg@tamu.edu,AUTOMATION SPECIALIST I,false
450,Culley Stillwell,cstillwellch@gov.uk,WEB DEVELOPER II,false
451,Edeline De Malchar,edeci@unicef.org,EXECUTIVE SECRETARY,true
452,Philipa Hartas,phartascj@fc2.com,BUSINESS SYSTEMS DEVELOPMENT ANALYST,false
453,Tait Stoggell,tstoggellck@instagram.com,PARALEGAL,true
454,Angil Pow,apowcl@cdc.gov,SALES ASSOCIATE,false
455,Nat Poytress,npoytresscm@histats.com,DENTAL HYGIENIST,false
456,Gregg Dunthorne,gdunthornecn@unblog.fr,SENIOR FINANCIAL ANALYST,true
457,Carolus Gritsaev,cgritsaevco@nytimes.com,INFORMATION SYSTEMS MANAGER,true
458,Neilla Ritchman,nritchmancp@tuttocitta.it,NURSE PRACTICIONER,false
459,Vincents Saill,vsaillcq@newyorker.com,STAFF ACCOUNTANT III,false
460,Alfredo Houtbie,ahoutbiecr@princeton.edu,TAX ACCOUNTANT,true
461,Lynne Laurencot,llaurencotcs@t-online.de,PROGRAMMER III,false
462,Fae Dregan,fdreganct@walmart.com,QUALITY CONTROL SPECIALIST,false
463,Gisele Castledine,gcastledinecu@moonfruit.com,HEALTH COACH II,false
464,Pietra Wroth,pwrothcv@biblegateway.com,ACCOUNT EXECUTIVE,false
465,Uriah Finlator,ufinlatorcw@nyu.edu,WEB DESIGNER IV,true
466,Rubie Heersma,rheersmacx@exblog.jp,MARKETING MANAGER,true
467,Tobye Witling,twitlingcy@nymag.com,ELECTRICAL ENGINEER,false
468,Deborah Goodier,dgoodiercz@sbwire.com,PROJECT MANAGER,false
469,Jonathon Blasik,jblasikd0@meetup.com,COMPUTER SYSTEMS ANALYST II,false
470,Sylvester MacCombe,smaccombed1@mozilla.com,RESEARCH ASSOCIATE,true
471,Belinda Peyto,bpeytod2@canalblog.com,MARKETING MANAGER,true
472,Ansel Bromell,abromelld3@pagesperso-orange.fr,ENGINEER I,true
473,Ruthy Backshell,rbackshelld4@clickbank.net,PARALEGAL,true
474,Edmon Davitti,edavittid5@instagram.com,ASSISTANT MANAGER,false
475,Waneta Kinney,wkinneyd6@nsw.gov.au,SOFTWARE ENGINEER IV,false
476,Shermy Clowley,sclowleyd7@goo.ne.jp,NURSE PRACTICIONER,false
477,Austin Greenman,agreenmand8@uiuc.edu,ACCOUNTANT IV,true
478,Maris Philippsohn,mphilippsohnd9@goodreads.com,RESEARCH ASSISTANT II,false
479,Carley Penton,cpentonda@pagesperso-orange.fr,ADMINISTRATIVE OFFICER,false
480,Ella Folomin,efolomindb@t-online.de,PROGRAMMER ANALYST I,false
481,Marc Laver,mlaverdc@hud.gov,PRODUCT ENGINEER,true
482,Gayelord Kalberer,gkalbererdd@youtu.be,JUNIOR EXECUTIVE,false
483,Alisun Tammadge,atammadgede@merriam-webster.com,SPEECH PATHOLOGIST,false
484,Dotty Hunnicot,dhunnicotdf@webs.com,ACCOUNT COORDINATOR,true
485,Stavros Ditt,sdittdg@noaa.gov,DENTAL HYGIENIST,false
486,Odelia Ruste,orustedh@soundcloud.com,DATA COORDIATOR,true
487,Neysa Bompas,nbompasdi@guardian.co.uk,PHYSICAL THERAPY ASSISTANT,true
488,Essy Avon,eavondj@google.it,AUTOMATION SPECIALIST III,false
489,Sharyl New,snewdk@cnet.com,EDITOR,true
490,Nelli Dudding,nduddingdl@hexun.com,NURSE,false
491,Patrizius Addyman,paddymandm@sohu.com,GEOLOGIST III,false
492,Humfrey Garretson,hgarretsondn@home.pl,MARKETING ASSISTANT,true
493,Rutter Flather,rflatherdo@techcrunch.com,DATABASE ADMINISTRATOR IV,true
494,Corina Babbidge,cbabbidgedp@weebly.com,BUDGET/ACCOUNTING ANALYST III,false
495,Garrett Dabrowski,gdabrowskidq@tinypic.com,VP ACCOUNTING,true
496,Hali Dissman,hdissmandr@phpbb.com,CHEMICAL ENGINEER,true
497,Sheelagh Jorg,sjorgds@illinois.edu,HUMAN RESOURCES MANAGER,false
498,Devondra Dunwoody,ddunwoodydt@dell.com,MARKETING ASSISTANT,true
499,Berthe Breawood,bbreawooddu@nps.gov,BIOSTATISTICIAN II,false
500,Adelbert Laguerre,alaguerredv@e-recht24.de,PROGRAMMER II,true
501,Rochette Skingle,rskingledw@paypal.com,STATISTICIAN II,true
502,Carlota Shickle,cshickledx@census.gov,ADMINISTRATIVE ASSISTANT IV,false
503,Rollo Merkel,rmerkeldy@a8.net,PROFESSOR,false
504,Earlie Oneal,eonealdz@constantcontact.com,BUSINESS SYSTEMS DEVELOPMENT ANALYST,true
505,Renaldo Vasilik,rvasilike0@amazon.co.jp,SALES REPRESENTATIVE,false
506,Hally Standfield,hstandfielde1@scribd.com,QUALITY ENGINEER,false
507,Margot Joynt,mjoynte2@fotki.com,REGISTERED NURSE,true
508,Druci Tock,dtocke3@last.fm,EDITOR,true
509,Fax Stenning,fstenninge4@privacy.gov.au,RECRUITING MANAGER,true
510,Silas Dowrey,sdowreye5@bluehost.com,VP ACCOUNTING,false
511,Basia Upton,buptone6@chronoengine.com,SALES REPRESENTATIVE,true
512,Lambert Turbitt,lturbitte7@woothemes.com,FOOD CHEMIST,false
513,Lolita Cawse,lcawsee8@google.de,HELP DESK TECHNICIAN,true
514,Mellisa Elvish,melvishe9@php.net,CHEMICAL ENGINEER,false
515,Kathryn McGeachey,kmcgeacheyea@ox.ac.uk,PROJECT MANAGER,true
516,Dene Bugge,dbuggeeb@quantcast.com,FOOD CHEMIST,false
517,Hort Muslim,hmuslimec@t-online.de,HUMAN RESOURCES MANAGER,false
518,Kenon Peppard,kpepparded@privacy.gov.au,SYSTEMS ADMINISTRATOR II,false
519,Bev Nequest,bnequestee@lycos.com,TECHNICAL WRITER,true
520,Gavrielle Crellin,gcrellinef@chronoengine.com,QUALITY CONTROL SPECIALIST,true
521,Amalea Winspare,awinspareeg@bbb.org,SENIOR SALES ASSOCIATE,true
522,Gussie Stubbeley,gstubbeleyeh@blogger.com,DESIGN ENGINEER,true
523,Netty Spacey,nspaceyei@histats.com,ELECTRICAL ENGINEER,true
524,Randal Halwell,rhalwellej@cdbaby.com,SENIOR FINANCIAL ANALYST,false
525,Padgett Belsham,pbelshamek@shinystat.com,GEOLOGIST I,false
526,Gregory Petersen,gpetersenel@google.co.jp,INTERNAL AUDITOR,true
527,Conrado Jura,cjuraem@gmpg.org,HELP DESK TECHNICIAN,false
528,Noll Pover,npoveren@fastcompany.com,SOFTWARE ENGINEER I,false
529,Les Boxen,lboxeneo@narod.ru,ASSISTANT PROFESSOR,true
530,Elsy Kiely,ekielyep@woothemes.com,INFORMATION SYSTEMS MANAGER,true
531,Nady Jansson,njanssoneq@naver.com,STAFF ACCOUNTANT II,false
532,Kirstyn Burgan,kburganer@blinklist.com,DESKTOP SUPPORT TECHNICIAN,false
533,Randi Dwelly,rdwellyes@uiuc.edu,NUCLEAR POWER ENGINEER,false
534,Krishna Jenicke,kjenickeet@sciencedaily.com,PROGRAMMER II,true
535,Wenona Culter,wcultereu@bravesites.com,ACCOUNT COORDINATOR,true
536,Omero O'Riordan,ooriordanev@studiopress.com,EDITOR,true
537,Lilllie Fourcade,lfourcadeew@utexas.edu,PHARMACIST,false
538,Augustin Nettle,anettleex@godaddy.com,AUTOMATION SPECIALIST III,true
539,Viviene Savery,vsaveryey@techcrunch.com,EDITOR,false
540,Bay Bridgnell,bbridgnellez@kickstarter.com,ACCOUNT REPRESENTATIVE I,false
541,Fernando Elphee,felpheef0@dedecms.com,RECRUITING MANAGER,false
542,Alvie Eilers,aeilersf1@gov.uk,ACCOUNT COORDINATOR,true
543,Eula Bielefeld,ebielefeldf2@is.gd,MEDIA MANAGER II,false
544,Marwin Dougherty,mdoughertyf3@home.pl,AUTOMATION SPECIALIST III,false
545,Wheeler Python,wpythonf4@netscape.com,SOCIAL WORKER,true
546,Chane Rhymer,crhymerf5@mail.ru,PAYMENT ADJUSTMENT COORDINATOR,true
547,Danell Pitney,dpitneyf6@1688.com,CHIEF DESIGN ENGINEER,true
548,Ambrosi Yoseloff,ayoselofff7@opera.com,STAFF SCIENTIST,true
549,Marianna Beaney,mbeaneyf8@msu.edu,ASSOCIATE PROFESSOR,false
550,Annaliese Canelas,acanelasf9@go.com,ACTUARY,true
551,Ranice Smales,rsmalesfa@hatena.ne.jp,SALES ASSOCIATE,false
552,Marthena Le Barr,mlefb@hp.com,NUCLEAR POWER ENGINEER,true
553,Sasha Betz,sbetzfc@wired.com,VP QUALITY CONTROL,true
554,Estelle Aird,eairdfd@cmu.edu,PAYMENT ADJUSTMENT COORDINATOR,false
555,Tedda Troyes,ttroyesfe@boston.com,BUDGET/ACCOUNTING ANALYST III,true
556,Isabella Strippel,istrippelff@artisteer.com,SENIOR DEVELOPER,false
557,Debbie Lohden,dlohdenfg@huffingtonpost.com,SALES REPRESENTATIVE,true
558,Lorrie Stucke,lstuckefh@ucoz.ru,FINANCIAL ADVISOR,true
559,Berny Stockport,bstockportfi@hatena.ne.jp,TECHNICAL WRITER,true
560,Syd Burgott,sburgottfj@amazon.co.jp,ACCOUNT COORDINATOR,true
561,Hilarius Bogace,hbogacefk@github.io,MARKETING MANAGER,true
562,Shelli Danneil,sdanneilfl@facebook.com,STATISTICIAN III,true
563,Derrek Risson,drissonfm@unblog.fr,VP SALES,true
564,Barbie Kubelka,bkubelkafn@princeton.edu,LIBRARIAN,false
565,Valencia Benfield,vbenfieldfo@usgs.gov,DESIGN ENGINEER,false
566,Alasteir Giottoi,agiottoifp@de.vu,INFORMATION SYSTEMS MANAGER,false
567,Orren Claiton,oclaitonfq@usda.gov,WEB DESIGNER III,false
568,Marylin Danilchenko,mdanilchenkofr@elegantthemes.com,NUCLEAR POWER ENGINEER,true
569,Elvira Pietrusiak,epietrusiakfs@geocities.com,ACCOUNTANT I,true
570,Jasmin Ladyman,jladymanft@free.fr,PHARMACIST,true
571,Murdoch Sympson,msympsonfu@about.me,SYSTEMS ADMINISTRATOR IV,true
572,Tiff Casaro,tcasarofv@answers.com,BIOSTATISTICIAN III,false
573,Artemus McGarrie,amcgarriefw@msn.com,GRAPHIC DESIGNER,false
574,Helenka Hubbard,hhubbardfx@ftc.gov,PAYMENT ADJUSTMENT COORDINATOR,true
575,West Plaschke,wplaschkefy@bloglines.com,ANALOG CIRCUIT DESIGN MANAGER,true
576,Land Beers,lbeersfz@ox.ac.uk,COMPUTER SYSTEMS ANALYST IV,false
577,Yasmin Fullilove,yfulliloveg0@sakura.ne.jp,SENIOR FINANCIAL ANALYST,false
578,Leo Rutter,lrutterg1@ameblo.jp,ELECTRICAL ENGINEER,false
579,Thorny Humbatch,thumbatchg2@hud.gov,ANALOG CIRCUIT DESIGN MANAGER,false
580,Devora Locksley,dlocksleyg3@desdev.cn,STRUCTURAL ANALYSIS ENGINEER,false
581,Aileen Willan,awillang4@biblegateway.com,ANALOG CIRCUIT DESIGN MANAGER,true
582,Carrie Staniford,cstanifordg5@prweb.com,STATISTICIAN III,true
583,Kellby Konzel,kkonzelg6@ucoz.ru,ACTUARY,true
584,Helga Chesterfield,hchesterfieldg7@cbslocal.com,OCCUPATIONAL THERAPIST,true
585,Wenda Morgan,wmorgang8@altervista.org,SALES REPRESENTATIVE,false
586,Markus Flegg,mfleggg9@mapquest.com,INTERNAL AUDITOR,true
587,Gerti Murkitt,gmurkittga@technorati.com,ENVIRONMENTAL TECH,true
588,Lanny Tschierse,ltschiersegb@cam.ac.uk,MEDIA MANAGER IV,false
589,Magdalena Simonnet,msimonnetgc@amazon.co.uk,MECHANICAL SYSTEMS ENGINEER,true
590,Arlie Merritt,amerrittgd@angelfire.com,DEVELOPER II,true
591,Ezri Agnew,eagnewge@java.com,BUDGET/ACCOUNTING ANALYST IV,true
592,Reagan Lumsdaine,rlumsdainegf@biblegateway.com,NUCLEAR POWER ENGINEER,true
593,Valentin Buncom,vbuncomgg@flavors.me,OCCUPATIONAL THERAPIST,true
594,Rodolphe Anshell,ranshellgh@abc.net.au,DESKTOP SUPPORT TECHNICIAN,true
595,Ange Lismer,alismergi@auda.org.au,BUDGET/ACCOUNTING ANALYST II,true
596,Luther Cromar,lcromargj@statcounter.com,ASSISTANT PROFESSOR,true
597,Cirilo Jereatt,cjereattgk@nyu.edu,ENVIRONMENTAL TECH,false
598,Domenic Dunlea,ddunleagl@mayoclinic.com,SYSTEMS ADMINISTRATOR I,false
599,Kirstyn Coales,kcoalesgm@oaic.gov.au,PROJECT MANAGER,true
600,Susan Sherr,ssherrgn@deviantart.com,ASSISTANT PROFESSOR,false
601,Janelle Curzon,jcurzongo@meetup.com,ACCOUNTANT II,false
602,Philbert Maunders,pmaundersgp@ca.gov,OCCUPATIONAL THERAPIST,false
603,Dunc O'Hagan,dohagangq@github.io,ACCOUNT REPRESENTATIVE IV,false
604,Dew Hunting,dhuntinggr@loc.gov,VP MARKETING,true
605,Daren Kyteley,dkyteleygs@shutterfly.com,ASSISTANT MEDIA PLANNER,true
606,Meghan Thacker,mthackergt@walmart.com,NUCLEAR POWER ENGINEER,true
607,Horton Stoves,hstovesgu@virginia.edu,OFFICE ASSISTANT III,false
608,Korie Jindrak,kjindrakgv@yandex.ru,STAFF SCIENTIST,true
609,Damon Priel,dprielgw@cyberchimps.com,DIRECTOR OF SALES,true
610,Olenka Clevely,oclevelygx@soundcloud.com,OPERATOR,true
611,Nelle Slixby,nslixbygy@elegantthemes.com,STRUCTURAL ENGINEER,false
612,Aguistin Hitschke,ahitschkegz@chronoengine.com,QUALITY CONTROL SPECIALIST,true
613,Cirstoforo Longworth,clongworthh0@yahoo.co.jp,ADMINISTRATIVE ASSISTANT I,true
614,Emery Alenichicov,ealenichicovh1@friendfeed.com,VP MARKETING,true
615,Crissy Diment,cdimenth2@ocn.ne.jp,INTERNAL AUDITOR,false
616,Barby McTeague,bmcteagueh3@posterous.com,PRODUCT ENGINEER,true
617,Lorrin Viste,lvisteh4@yolasite.com,DESIGN ENGINEER,true
618,Esther Erley,eerleyh5@simplemachines.org,DATABASE ADMINISTRATOR II,true
619,Abel OIlier,aoilierh6@pbs.org,MARKETING MANAGER,false
620,Ursola Seeler,useelerh7@networksolutions.com,EDITOR,true
621,Adan Coleridge,acoleridgeh8@ibm.com,ACCOUNTING ASSISTANT IV,false
622,Gerardo McDougal,gmcdougalh9@diigo.com,OCCUPATIONAL THERAPIST,false
623,Nananne Rusbridge,nrusbridgeha@tmall.com,TAX ACCOUNTANT,false
624,Julie McIlhatton,jmcilhattonhb@wikimedia.org,WEB DEVELOPER IV,false
625,Gregory Kennefick,gkennefickhc@goo.ne.jp,ADMINISTRATIVE ASSISTANT IV,true
626,Vernice Sherar,vsherarhd@comsenz.com,EXECUTIVE SECRETARY,true
627,Carita Foote,cfootehe@oaic.gov.au,HEALTH COACH III,false
628,Alexis Martindale,amartindalehf@weather.com,VP SALES,true
629,Ira Blant,iblanthg@biglobe.ne.jp,JUNIOR EXECUTIVE,false
630,Paco Caslett,pcasletthh@tripadvisor.com,OCCUPATIONAL THERAPIST,true
631,Ivett Tyzack,ityzackhi@reddit.com,BUDGET/ACCOUNTING ANALYST I,true
632,Lisle Winchester,lwinchesterhj@spotify.com,DESIGN ENGINEER,true
633,Aleen Scad,ascadhk@tinypic.com,TEACHER,true
634,Hilton Stormouth,hstormouthhl@imgur.com,BIOSTATISTICIAN IV,false
635,Bailey Kobu,bkobuhm@bbc.co.uk,ANALOG CIRCUIT DESIGN MANAGER,true
636,Karen Drewry,kdrewryhn@washingtonpost.com,ASSOCIATE PROFESSOR,false
637,Mariele Whiskin,mwhiskinho@noaa.gov,ANALOG CIRCUIT DESIGN MANAGER,true
638,Ninnette Rand,nrandhp@prnewswire.com,RECRUITING MANAGER,false
639,Bobbie Bowling,bbowlinghq@geocities.jp,NURSE PRACTICIONER,false
640,Rory Meiklejohn,rmeiklejohnhr@miitbeian.gov.cn,AUTOMATION SPECIALIST IV,true
641,Clim Achurch,cachurchhs@salon.com,NURSE PRACTICIONER,false
642,Yoshiko Quinane,yquinaneht@sitemeter.com,ASSISTANT PROFESSOR,false
643,Benjamen Hallam,bhallamhu@sina.com.cn,DESIGN ENGINEER,false
644,Therine Dolphin,tdolphinhv@google.ca,ANALYST PROGRAMMER,true
645,Cazzie Thunnercliffe,cthunnercliffehw@barnesandnoble.com,DEVELOPER II,false
646,Gradey Linstead,glinsteadhx@smugmug.com,TECHNICAL WRITER,false
647,Virgie Graalman,vgraalmanhy@dyndns.org,TAX ACCOUNTANT,true
648,Sybille Fussell,sfussellhz@comsenz.com,DATABASE ADMINISTRATOR IV,false
649,Katusha Schiementz,kschiementzi0@illinois.edu,INTERNAL AUDITOR,false
650,Elisabeth Sarl,esarli1@hao123.com,QUALITY ENGINEER,true
651,Marina Ivkovic,mivkovici2@cpanel.net,NUCLEAR POWER ENGINEER,false
652,Alameda Scudder,ascudderi3@meetup.com,VP ACCOUNTING,false
653,Eolande Treace,etreacei4@scribd.com,NURSE,false
654,Christos Agius,cagiusi5@deliciousdays.com,BUDGET/ACCOUNTING ANALYST I,false
655,Zenia Vinick,zvinicki6@wikia.com,ANALYST PROGRAMMER,true
656,Corilla Barehead,cbareheadi7@1und1.de,COMMUNITY OUTREACH SPECIALIST,false
657,Benton Corbould,bcorbouldi8@wunderground.com,ACCOUNTANT IV,false
658,Bertrando Oleszczak,boleszczaki9@who.int,ENGINEER II,false
659,Miof mela Casement,mmelaia@webmd.com,ADMINISTRATIVE ASSISTANT II,false
660,Gloriana Darnborough,gdarnboroughib@baidu.com,ASSISTANT MANAGER,true
661,Orrin Stigell,ostigellic@chronoengine.com,OPERATOR,false
662,Christopher Ormistone,cormistoneid@webmd.com,COMPUTER SYSTEMS ANALYST I,false
663,Meghan Bargery,mbargeryie@state.tx.us,VP PRODUCT MANAGEMENT,true
664,Corie Harbottle,charbottleif@goo.ne.jp,STRUCTURAL ANALYSIS ENGINEER,false
665,Ruprecht Ebdin,rebdinig@naver.com,MECHANICAL SYSTEMS ENGINEER,false
666,Torin Doerr,tdoerrih@google.es,ANALYST PROGRAMMER,true
667,Vernen Idenden,videndenii@tuttocitta.it,NURSE,true
668,Cherilyn Loveard,cloveardij@adobe.com,LEGAL ASSISTANT,true
669,Gail Gwyther,ggwytherik@lulu.com,SENIOR EDITOR,true
670,Whitney O'Lenane,wolenaneil@furl.net,DESIGN ENGINEER,true
671,Trevar Woolbrook,twoolbrookim@imdb.com,SOFTWARE ENGINEER III,false
672,Marcos Crellim,mcrellimin@google.it,NUCLEAR POWER ENGINEER,true
673,Garry Grady,ggradyio@soup.io,ENVIRONMENTAL TECH,true
674,Julius Demcak,jdemcakip@webs.com,ASSISTANT MANAGER,true
675,Marys Kingwell,mkingwelliq@scribd.com,SALES REPRESENTATIVE,false
676,Jamey Bawcock,jbawcockir@walmart.com,DESKTOP SUPPORT TECHNICIAN,true
677,Agna Storer,astoreris@gnu.org,GEOLOGICAL ENGINEER,true
678,Yorker Mardee,ymardeeit@dion.ne.jp,SENIOR SALES ASSOCIATE,true
679,Karoline Esser,kesseriu@nationalgeographic.com,STRUCTURAL ANALYSIS ENGINEER,false
680,Loreen Huntingford,lhuntingfordiv@sourceforge.net,SENIOR EDITOR,false
681,Justinian Guirau,jguirauiw@netvibes.com,QUALITY ENGINEER,false
682,Waldo Maestro,wmaestroix@thetimes.co.uk,VP MARKETING,false
683,Allen Ezzell,aezzelliy@tinyurl.com,NURSE,true
684,Peggie Frearson,pfrearsoniz@ucsd.edu,RECRUITING MANAGER,false
685,Madeline Dary,mdaryj0@artisteer.com,COMPUTER SYSTEMS ANALYST IV,true
686,Erhard Manby,emanbyj1@yellowpages.com,SALES ASSOCIATE,false
687,Tiphanie Grisewood,tgrisewoodj2@hhs.gov,REGISTERED NURSE,false
688,Aridatha Chartre,achartrej3@newyorker.com,SOCIAL WORKER,false
689,Candida Launchbury,claunchburyj4@goo.ne.jp,DATA COORDIATOR,false
690,Millard Baumert,mbaumertj5@mozilla.com,COMPUTER SYSTEMS ANALYST I,false
691,Hal Haxley,hhaxleyj6@imgur.com,SPEECH PATHOLOGIST,false
692,Flori Simonian,fsimonianj7@spotify.com,QUALITY CONTROL SPECIALIST,false
693,Harriet Josifovic,hjosifovicj8@macromedia.com,SAFETY TECHNICIAN I,true
694,Gare Godmar,ggodmarj9@addthis.com,SENIOR DEVELOPER,false
695,Parry Drewery,pdreweryja@wunderground.com,SOCIAL WORKER,false
696,Olenka Cossor,ocossorjb@reuters.com,VP SALES,true
697,Atalanta Wittering,awitteringjc@123-reg.co.uk,SOFTWARE CONSULTANT,true
698,Janice Gagie,jgagiejd@youku.com,GEOLOGIST I,false
699,Julio Geekie,jgeekieje@ucoz.ru,OFFICE ASSISTANT IV,false
700,Karina Lethbrig,klethbrigjf@china.com.cn,ELECTRICAL ENGINEER,false
701,Raoul Gallichiccio,rgallichicciojg@mozilla.com,GEOLOGICAL ENGINEER,true
702,Rhiamon Fry,rfryjh@acquirethisname.com,PROGRAMMER I,false
703,Sibilla Grantham,sgranthamji@creativecommons.org,GEOLOGICAL ENGINEER,false
704,Susette Dahle,sdahlejj@cornell.edu,ASSISTANT MEDIA PLANNER,false
705,Tomi Auden,taudenjk@taobao.com,EXECUTIVE SECRETARY,true
706,Maire Brigden,mbrigdenjl@patch.com,SALES REPRESENTATIVE,false
707,Cybill Lante,clantejm@wsj.com,DESKTOP SUPPORT TECHNICIAN,true
708,Giraud Gotling,ggotlingjn@topsy.com,GEOLOGIST II,true
709,Joya Noraway,jnorawayjo@rediff.com,INFORMATION SYSTEMS MANAGER,false
710,Forest Elman,felmanjp@github.com,CLINICAL SPECIALIST,true
711,Enrichetta Pridham,epridhamjq@telegraph.co.uk,CIVIL ENGINEER,true
712,Albertina Minchinton,aminchintonjr@hibu.com,ANALOG CIRCUIT DESIGN MANAGER,false
713,Alessandro Kenworthey,akenwortheyjs@admin.ch,SALES ASSOCIATE,false
714,Ulysses Aronow,uaronowjt@hatena.ne.jp,DESIGN ENGINEER,false
715,Ambrose Oram,aoramju@about.me,REGISTERED NURSE,true
716,Lois Luisetti,lluisettijv@omniture.com,SALES REPRESENTATIVE,false
717,Chet Leaburn,cleaburnjw@skype.com,PROGRAMMER IV,true
718,Efrem Verrillo,everrillojx@blogger.com,OPERATOR,true
719,Gifford Huyhton,ghuyhtonjy@china.com.cn,ENGINEER IV,false
720,Jojo Edwardson,jedwardsonjz@rambler.ru,ENGINEER III,true
721,Patrizius Massimi,pmassimik0@sitemeter.com,PROJECT MANAGER,true
722,Paloma Robatham,probathamk1@livejournal.com,GEOLOGICAL ENGINEER,false
723,Moe Killich,mkillichk2@seattletimes.com,STAFF SCIENTIST,true
724,Anne-corinne Sanday,asandayk3@nydailynews.com,EXECUTIVE SECRETARY,false
725,Kaylil Searston,ksearstonk4@icio.us,LEGAL ASSISTANT,true
726,Donella Leil,dleilk5@photobucket.com,VP ACCOUNTING,true
727,Hobart Wark,hwarkk6@spiegel.de,ASSISTANT PROFESSOR,false
728,Tansy Gouinlock,tgouinlockk7@yolasite.com,GENERAL MANAGER,true
729,Kellyann Dallimare,kdallimarek8@csmonitor.com,ASSISTANT MANAGER,false
730,Killian Castro,kcastrok9@ask.com,VP SALES,false
731,Kelli Eaglen,keaglenka@jalbum.net,SOFTWARE ENGINEER IV,true
732,Mufinella Diehn,mdiehnkb@si.edu,PROJECT MANAGER,true
733,Ortensia Stolze,ostolzekc@ucsd.edu,BIOSTATISTICIAN III,false
734,Oriana Prettjohn,oprettjohnkd@loc.gov,ELECTRICAL ENGINEER,true
735,Adelaide Coytes,acoyteske@ed.gov,RESEARCH ASSISTANT III,false
736,Dom Acreman,dacremankf@apache.org,HUMAN RESOURCES MANAGER,true
737,Sadie Anstee,sansteekg@nps.gov,HUMAN RESOURCES ASSISTANT I,true
738,Davis Pechacek,dpechacekkh@rediff.com,COST ACCOUNTANT,false
739,Herrick Skone,hskoneki@vkontakte.ru,FINANCIAL ADVISOR,true
740,Murielle Wimpress,mwimpresskj@plala.or.jp,PROGRAMMER III,false
741,Jamison Fancett,jfancettkk@theglobeandmail.com,COMPENSATION ANALYST,false
742,Dorotea Winter,dwinterkl@tmall.com,SAFETY TECHNICIAN I,true
743,Howard Linklet,hlinkletkm@so-net.ne.jp,VP MARKETING,false
744,Earlie Coldicott,ecoldicottkn@twitter.com,ENGINEER II,true
745,Byrle Kobelt,bkobeltko@ycombinator.com,ADMINISTRATIVE ASSISTANT III,false
746,Wendi Frisby,wfrisbykp@stumbleupon.com,BUDGET/ACCOUNTING ANALYST IV,true
747,Melantha Linder,mlinderkq@illinois.edu,HELP DESK OPERATOR,true
748,Sharyl Nafzger,snafzgerkr@live.com,EXECUTIVE SECRETARY,true
749,Sheila-kathryn O'Bradane,sobradaneks@fema.gov,VP ACCOUNTING,false
750,Dion Chasemoore,dchasemoorekt@discovery.com,SOFTWARE ENGINEER I,true
751,Flemming Castelli,fcastelliku@chicagotribune.com,SPEECH PATHOLOGIST,false
752,Tomaso Gartrell,tgartrellkv@go.com,STAFF ACCOUNTANT III,false
753,Mortie Morgans,mmorganskw@bluehost.com,DATABASE ADMINISTRATOR III,true
754,Hilliard Kuhndel,hkuhndelkx@nationalgeographic.com,SENIOR FINANCIAL ANALYST,false
755,Marget Shakespeare,mshakespeareky@rediff.com,SENIOR QUALITY ENGINEER,true
756,Curt Jouanny,cjouannykz@hhs.gov,GENERAL MANAGER,false
757,Roselle Lardeur,rlardeurl0@springer.com,GEOLOGIST III,true
758,Loria Keble,lkeblel1@myspace.com,ACCOUNT COORDINATOR,true
759,Angelika Spottiswoode,aspottiswoodel2@yellowbook.com,GENERAL MANAGER,false
760,Ricky Joubert,rjoubertl3@who.int,ACCOUNTANT II,false
761,Bibbye Trenouth,btrenouthl4@angelfire.com,ADMINISTRATIVE ASSISTANT II,false
762,Tiebout Duckham,tduckhaml5@a8.net,ASSISTANT MEDIA PLANNER,false
763,Silvie McMonnies,smcmonniesl6@mit.edu,EDITOR,true
764,Oberon Macbeth,omacbethl7@ovh.net,DATABASE ADMINISTRATOR I,false
765,Ailey Aggott,aaggottl8@sitemeter.com,AUTOMATION SPECIALIST IV,true
766,Ariel Garstan,agarstanl9@sciencedirect.com,STAFF ACCOUNTANT III,true
767,Rosella Barabisch,rbarabischla@people.com.cn,WEB DESIGNER II,true
768,Jonathon Martinovsky,jmartinovskylb@list-manage.com,ASSISTANT MANAGER,true
769,Anselma Goullee,agoulleelc@yahoo.com,SENIOR DEVELOPER,true
770,Bonnee Deal,bdealld@tinyurl.com,OFFICE ASSISTANT IV,true
771,Moll Urvoy,murvoyle@theglobeandmail.com,SALES REPRESENTATIVE,false
772,Currey Nuzzetti,cnuzzettilf@cbc.ca,FINANCIAL ADVISOR,true
773,Margy Elcott,melcottlg@indiatimes.com,ASSOCIATE PROFESSOR,false
774,Aurore Hallgate,ahallgatelh@dot.gov,LEGAL ASSISTANT,false
775,Seumas Speek,sspeekli@dell.com,ACCOUNTANT I,false
776,Jaye Menary,jmenarylj@smugmug.com,RESEARCH ASSISTANT I,false
777,Moore Leith-Harvey,mleithharveylk@netscape.com,STATISTICIAN II,false
778,Catherin Iltchev,ciltchevll@liveinternet.ru,RESEARCH NURSE,true
779,Christie Rossbrook,crossbrooklm@nationalgeographic.com,NUCLEAR POWER ENGINEER,false
780,Ruprecht Regan,rreganln@archive.org,SOFTWARE TEST ENGINEER II,false
781,Stanislas Bowdidge,sbowdidgelo@msn.com,VP PRODUCT MANAGEMENT,false
782,Dayle Milthorpe,dmilthorpelp@hud.gov,GRAPHIC DESIGNER,true
783,Kirbie Cressingham,kcressinghamlq@dot.gov,MEDIA MANAGER I,false
784,Luce Rich,lrichlr@oakley.com,SENIOR DEVELOPER,false
785,Toby Leckenby,tleckenbyls@weather.com,JUNIOR EXECUTIVE,false
786,Kimberlee Iggalden,kiggaldenlt@techcrunch.com,ADMINISTRATIVE ASSISTANT I,true
787,Dolf Raynham,draynhamlu@intel.com,OFFICE ASSISTANT IV,true
788,Briney Walker,bwalkerlv@latimes.com,COMMUNITY OUTREACH SPECIALIST,false
789,Brig Gorrick,bgorricklw@reddit.com,MECHANICAL SYSTEMS ENGINEER,false
790,Amata Ross,arosslx@ebay.com,VP SALES,false
791,Reginald Penhallurick,rpenhallurickly@state.gov,HELP DESK OPERATOR,true
792,Kaitlynn Rummings,krummingslz@google.com,PHYSICAL THERAPY ASSISTANT,true
793,Elvyn Lynam,elynamm0@ovh.net,SALES REPRESENTATIVE,true
794,Lesya Askey,laskeym1@newsvine.com,ASSISTANT MANAGER,true
795,Theo Peinton,tpeintonm2@shutterfly.com,SOCIAL WORKER,true
796,Ezmeralda Prawle,eprawlem3@fotki.com,DEVELOPER I,false
797,Glendon Windsor,gwindsorm4@smugmug.com,CHEMICAL ENGINEER,true
798,Judy Moir,jmoirm5@mail.ru,OFFICE ASSISTANT III,true
799,Euphemia Cuardall,ecuardallm6@ted.com,GEOLOGICAL ENGINEER,false
800,Scarlett Lewisham,slewishamm7@illinois.edu,ANALYST PROGRAMMER,true
801,Gabbie Messager,gmessagerm8@tripod.com,PAYMENT ADJUSTMENT COORDINATOR,false
802,Mae Kelling,mkellingm9@usda.gov,RESEARCH NURSE,false
803,Willi Fosbraey,wfosbraeyma@fotki.com,ACCOUNTANT II,true
804,Brander Skpsey,bskpseymb@gravatar.com,PAYMENT ADJUSTMENT COORDINATOR,true
805,Dinah Klosterman,dklostermanmc@blogtalkradio.com,NURSE,false
806,Cazzie Aylwin,caylwinmd@cnet.com,SENIOR SALES ASSOCIATE,false
807,Glenna Dauncey,gdaunceyme@newsvine.com,STAFF ACCOUNTANT IV,true
808,Shell Casswell,scasswellmf@paypal.com,ACCOUNTANT III,false
809,Cornie Braniff,cbraniffmg@ucla.edu,SALES ASSOCIATE,true
810,Ruperta Weiner,rweinermh@chron.com,HUMAN RESOURCES ASSISTANT III,false
811,Loraine Mewha,lmewhami@comcast.net,COST ACCOUNTANT,true
812,Dorthy Camosso,dcamossomj@adobe.com,DEVELOPER I,false
813,Sherye Duffield,sduffieldmk@sohu.com,COMPUTER SYSTEMS ANALYST III,false
814,Tildie Mulder,tmulderml@wikimedia.org,ENVIRONMENTAL SPECIALIST,false
815,Bryon Garthshore,bgarthshoremm@goodreads.com,BIOSTATISTICIAN III,true
816,Caesar Tills,ctillsmn@amazon.co.uk,STATISTICIAN I,true
817,Brnaba Greste,bgrestemo@over-blog.com,HELP DESK TECHNICIAN,false
818,Dunstan Cromer,dcromermp@yelp.com,WEB DEVELOPER I,false
819,Britta Cicculi,bcicculimq@vimeo.com,MEDIA MANAGER II,true
820,Janna Barrick,jbarrickmr@lulu.com,SYSTEMS ADMINISTRATOR III,false
821,Royall Bushaway,rbushawayms@w3.org,STAFF ACCOUNTANT III,false
822,Kalil Rosendorf,krosendorfmt@angelfire.com,VP MARKETING,false
823,Shepperd Sprigg,sspriggmu@jugem.jp,RECRUITER,false
824,Winslow Plews,wplewsmv@ibm.com,NUCLEAR POWER ENGINEER,true
825,Tarrance Haxbie,thaxbiemw@comsenz.com,ASSISTANT PROFESSOR,false
826,Egbert Hennington,ehenningtonmx@weebly.com,TAX ACCOUNTANT,false
827,Mozes Dongate,mdongatemy@hp.com,STATISTICIAN II,true
828,Dinny Royal,droyalmz@wisc.edu,SOCIAL WORKER,true
829,Annabelle Fountian,afountiann0@yandex.ru,COMPENSATION ANALYST,true
830,Ardra Worsalls,aworsallsn1@vk.com,GEOLOGICAL ENGINEER,false
831,Ulrike Hosburn,uhosburnn2@blogtalkradio.com,GENERAL MANAGER,true
832,Hillie Lumsdale,hlumsdalen3@livejournal.com,PROGRAMMER ANALYST II,false
833,Hope Drust,hdrustn4@alibaba.com,GRAPHIC DESIGNER,true
834,Fulvia Morit,fmoritn5@digg.com,RESEARCH ASSOCIATE,false
835,Papagena Attersoll,pattersolln6@cbslocal.com,SPEECH PATHOLOGIST,false
836,Morey Stoppard,mstoppardn7@hostgator.com,RESEARCH ASSISTANT IV,false
837,Joyann Clelland,jclellandn8@booking.com,VP MARKETING,true
838,Dolorita Chazette,dchazetten9@amazon.co.jp,GRAPHIC DESIGNER,false
839,Daryn Legg,dleggna@indiegogo.com,JUNIOR EXECUTIVE,false
840,Dasha Mallard,dmallardnb@lycos.com,LIBRARIAN,false
841,Alyda Ierland,aierlandnc@weebly.com,PROGRAMMER ANALYST II,true
842,Clim Wilcot,cwilcotnd@histats.com,GIS TECHNICAL ARCHITECT,false
843,Goddart Butchers,gbutchersne@wordpress.com,CHEMICAL ENGINEER,false
844,Orbadiah Althorpe,oalthorpenf@nytimes.com,SAFETY TECHNICIAN II,true
845,Barri Hurlin,bhurlinng@cnbc.com,STRUCTURAL ANALYSIS ENGINEER,false
846,Lezlie D'Oyly,ldoylynh@sitemeter.com,PROFESSOR,true
847,Nelson Nigh,nnighni@artisteer.com,INTERNAL AUDITOR,true
848,Loise Broomfield,lbroomfieldnj@skype.com,PARALEGAL,true
849,Rodie Guerri,rguerrink@oakley.com,SOFTWARE CONSULTANT,true
850,Candy Mishow,cmishownl@seesaa.net,FINANCIAL ADVISOR,false
851,Kip Szepe,kszepenm@intel.com,REGISTERED NURSE,true
852,Vanna Dmytryk,vdmytryknn@gravatar.com,ACCOUNT EXECUTIVE,true
853,Bendick Fortun,bfortunno@trellian.com,BIOSTATISTICIAN III,true
854,Tyson Fortnon,tfortnonnp@oracle.com,SENIOR SALES ASSOCIATE,true
855,Anabel Evered,aeverednq@comcast.net,FINANCIAL ADVISOR,false
856,Jard Van de Velde,jvannr@irs.gov,MARKETING ASSISTANT,true
857,Ki Rime,krimens@ovh.net,ENVIRONMENTAL TECH,false
858,Zackariah Sillars,zsillarsnt@scientificamerican.com,RECRUITER,true
859,Hortense Chaytor,hchaytornu@berkeley.edu,OCCUPATIONAL THERAPIST,false
860,Norton Brodhead,nbrodheadnv@google.it,SENIOR SALES ASSOCIATE,true
861,Rolland Godfree,rgodfreenw@liveinternet.ru,CHEMICAL ENGINEER,false
862,Kellyann McCombe,kmccombenx@cdbaby.com,SYSTEMS ADMINISTRATOR IV,false
863,Raff Pomphrey,rpomphreyny@dropbox.com,TEACHER,false
864,Peirce Curlis,pcurlisnz@businessinsider.com,SENIOR EDITOR,false
865,Jon Lawie,jlawieo0@theguardian.com,ACTUARY,false
866,Stavros Tassell,stassello1@posterous.com,STRUCTURAL ANALYSIS ENGINEER,true
867,Farah Raittie,fraittieo2@booking.com,VP PRODUCT MANAGEMENT,true
868,Ernesto Eve,eeveo3@merriam-webster.com,AUTOMATION SPECIALIST II,true
869,Erica Dalgety,edalgetyo4@google.com.au,STAFF ACCOUNTANT III,false
870,Reba Whereat,rwhereato5@ifeng.com,NURSE PRACTICIONER,false
871,Hieronymus Scurr,hscurro6@ucoz.ru,ASSISTANT MEDIA PLANNER,false
872,Waite Lethebridge,wlethebridgeo7@barnesandnoble.com,DENTAL HYGIENIST,true
873,Rooney Brimman,rbrimmano8@alibaba.com,ACCOUNT COORDINATOR,false
874,Jeniece Gloucester,jgloucestero9@bandcamp.com,DESIGN ENGINEER,false
875,Ange Sansam,asansamoa@wikia.com,VP ACCOUNTING,true
876,Floris Housin,fhousinob@google.com.hk,ASSOCIATE PROFESSOR,false
877,Flem Steutly,fsteutlyoc@netscape.com,COMMUNITY OUTREACH SPECIALIST,true
878,Smith Severs,sseversod@ft.com,SOFTWARE CONSULTANT,false
879,Guthrie Common,gcommonoe@posterous.com,VP ACCOUNTING,false
880,Berky Stansell,bstansellof@github.io,OCCUPATIONAL THERAPIST,false
881,Thadeus Jagger,tjaggerog@tumblr.com,ENVIRONMENTAL SPECIALIST,false
882,Emelina Lahy,elahyoh@opensource.org,WEB DESIGNER IV,false
883,Nollie Aldridge,naldridgeoi@skype.com,OPERATOR,false
884,Duky Gadaud,dgadaudoj@tripod.com,DESKTOP SUPPORT TECHNICIAN,true
885,Millard Fransinelli,mfransinelliok@homestead.com,ACCOUNT COORDINATOR,true
886,Willamina Boughen,wboughenol@studiopress.com,SENIOR EDITOR,true
887,Amity Iggulden,aigguldenom@cbsnews.com,HUMAN RESOURCES MANAGER,true
888,Maddy Messham,mmesshamon@china.com.cn,ELECTRICAL ENGINEER,false
889,Clo Hanley,chanleyoo@scientificamerican.com,ACCOUNTANT II,false
890,Rolland Leydon,rleydonop@nationalgeographic.com,HUMAN RESOURCES MANAGER,false
891,Waiter Quinnet,wquinnetoq@netvibes.com,BUDGET/ACCOUNTING ANALYST III,true
892,Linnie Revell,lrevellor@columbia.edu,ACCOUNTING ASSISTANT I,false
893,Andres Hardisty,ahardistyos@tinypic.com,MEDIA MANAGER I,true
894,Briggs Frow,bfrowot@bluehost.com,ELECTRICAL ENGINEER,false
895,Richmound Stener,rstenerou@posterous.com,RECRUITING MANAGER,false
896,Fiann Shimman,fshimmanov@loc.gov,COMPENSATION ANALYST,false
897,Tanitansy Labba,tlabbaow@example.com,COMMUNITY OUTREACH SPECIALIST,true
898,Harriot Sedger,hsedgerox@constantcontact.com,SALES ASSOCIATE,true
899,Olly Hatzar,ohatzaroy@trellian.com,WEB DESIGNER III,false
900,Roddie Ladbrooke,rladbrookeoz@shop-pro.jp,PROGRAMMER ANALYST II,true
901,Crista Titherington,ctitheringtonp0@goo.ne.jp,ASSISTANT MEDIA PLANNER,false
902,Baudoin Colmer,bcolmerp1@friendfeed.com,SOCIAL WORKER,false
903,Kylie Frohock,kfrohockp2@admin.ch,LIBRARIAN,false
904,Callean Money,cmoneyp3@tumblr.com,PROJECT MANAGER,true
905,Ree Allsopp,rallsoppp4@psu.edu,TAX ACCOUNTANT,false
906,Vladamir Reddie,vreddiep5@slate.com,QUALITY CONTROL SPECIALIST,true
907,Teena Catterick,tcatterickp6@blogspot.com,WEB DESIGNER IV,false
908,Orland Haddinton,ohaddintonp7@examiner.com,ENGINEER I,false
909,Lyda Creffield,lcreffieldp8@stumbleupon.com,VP PRODUCT MANAGEMENT,false
910,Patrica Dagleas,pdagleasp9@tinyurl.com,MECHANICAL SYSTEMS ENGINEER,true
911,Heywood Crocroft,hcrocroftpa@webnode.com,ANALOG CIRCUIT DESIGN MANAGER,true
912,Jakie Kenneway,jkennewaypb@cbc.ca,STATISTICIAN II,false
913,Kurt Capener,kcapenerpc@china.com.cn,TEACHER,true
914,Myrtie Feehery,mfeeherypd@wisc.edu,SOFTWARE TEST ENGINEER II,true
915,Virgina Lush,vlushpe@twitpic.com,ACTUARY,false
916,Miquela Matysiak,mmatysiakpf@altervista.org,GENERAL MANAGER,true
917,Kimberly Densun,kdensunpg@kickstarter.com,DESKTOP SUPPORT TECHNICIAN,false
918,Ewan Rapper,erapperph@pcworld.com,STAFF ACCOUNTANT II,true
919,Deedee Jindacek,djindacekpi@theatlantic.com,INTERNAL AUDITOR,false
920,Cate Wasielewicz,cwasielewiczpj@arstechnica.com,ELECTRICAL ENGINEER,true
921,Mordecai Burnel,mburnelpk@taobao.com,DEVELOPER IV,true
922,Carey Beville,cbevillepl@arizona.edu,DEVELOPER III,false
923,Byron Deignan,bdeignanpm@goo.gl,FINANCIAL ANALYST,false
924,Donia Baudon,dbaudonpn@cpanel.net,HUMAN RESOURCES MANAGER,true
925,Arly Gittings,agittingspo@webmd.com,MECHANICAL SYSTEMS ENGINEER,false
926,Diarmid Pietzker,dpietzkerpp@booking.com,NUCLEAR POWER ENGINEER,false
927,Christen Jannasch,cjannaschpq@globo.com,NURSE,false
928,Mikey Ferran,mferranpr@cpanel.net,STATISTICIAN II,true
929,Aubree Guerry,aguerryps@disqus.com,TAX ACCOUNTANT,true
930,Cilka Pedlar,cpedlarpt@plala.or.jp,LEGAL ASSISTANT,true
931,Simeon Carney,scarneypu@hud.gov,ADMINISTRATIVE OFFICER,false
932,Christoforo Starmore,cstarmorepv@blog.com,DIRECTOR OF SALES,true
933,Terrie Twatt,ttwattpw@apple.com,STRUCTURAL ANALYSIS ENGINEER,true
934,Danyette O'Meara,domearapx@nytimes.com,VP MARKETING,true
935,Zonnya Larratt,zlarrattpy@slideshare.net,RECRUITER,true
936,Mylo Donhardt,mdonhardtpz@foxnews.com,LIBRARIAN,true
937,Renaldo Olyunin,rolyuninq0@slideshare.net,VP SALES,false
938,Darin Pilgrim,dpilgrimq1@google.com,GEOLOGICAL ENGINEER,false
939,Cristy Gabby,cgabbyq2@hp.com,COMPUTER SYSTEMS ANALYST IV,true
940,Stafani O'Keevan,sokeevanq3@usda.gov,RECRUITING MANAGER,false
941,North Flageul,nflageulq4@addthis.com,ANALYST PROGRAMMER,true
942,Muffin Phillipps,mphillippsq5@myspace.com,COST ACCOUNTANT,false
943,Derward Strooband,dstroobandq6@infoseek.co.jp,VP ACCOUNTING,false
944,Derrik Downey,ddowneyq7@qq.com,SOFTWARE CONSULTANT,true
945,Jourdan Wetton,jwettonq8@behance.net,PAYMENT ADJUSTMENT COORDINATOR,true
946,Etty Tschierasche,etschierascheq9@people.com.cn,ADMINISTRATIVE OFFICER,true
947,Webster Jersh,wjershqa@eepurl.com,ASSOCIATE PROFESSOR,false
948,Jarrod Dron,jdronqb@naver.com,SOFTWARE ENGINEER IV,false
949,Arvin Measures,ameasuresqc@behance.net,TECHNICAL WRITER,true
950,Pascale Waddicor,pwaddicorqd@typepad.com,MEDIA MANAGER IV,false
951,Towney Philippson,tphilippsonqe@latimes.com,ASSOCIATE PROFESSOR,true
952,Therese Wathen,twathenqf@addtoany.com,CHEMICAL ENGINEER,false
953,Keane Cawson,kcawsonqg@chronoengine.com,SAFETY TECHNICIAN III,false
954,Rennie Puckinghorne,rpuckinghorneqh@bigcartel.com,EDITOR,false
955,Nada Dumsday,ndumsdayqi@wordpress.org,STRUCTURAL ANALYSIS ENGINEER,false
956,Dell Boston,dbostonqj@youku.com,ACTUARY,false
957,Branden Strafen,bstrafenqk@quantcast.com,ACCOUNT COORDINATOR,false
958,Georgeta Younglove,gyoungloveql@weather.com,VP SALES,false
959,Lyon Volker,lvolkerqm@bigcartel.com,ANALOG CIRCUIT DESIGN MANAGER,true
960,Licha Scotcher,lscotcherqn@usgs.gov,DENTAL HYGIENIST,true
961,Baron Lauret,blauretqo@yahoo.co.jp,ACCOUNT EXECUTIVE,true
962,August Guillon,aguillonqp@so-net.ne.jp,SALES ASSOCIATE,false
963,Raimundo Sooper,rsooperqq@wp.com,SENIOR DEVELOPER,false
964,Iseabal Giamo,igiamoqr@google.ru,SENIOR DEVELOPER,false
965,Kristina Bracken,kbrackenqs@taobao.com,AUTOMATION SPECIALIST II,false
966,Darsie Marlow,dmarlowqt@live.com,PROFESSOR,false
967,Ansell Iori,aioriqu@surveymonkey.com,MARKETING ASSISTANT,true
968,Rhody Gilhooly,rgilhoolyqv@comsenz.com,OCCUPATIONAL THERAPIST,true
969,Felipe Springell,fspringellqw@fc2.com,OFFICE ASSISTANT II,true
970,Merwin Jeffryes,mjeffryesqx@theatlantic.com,QUALITY ENGINEER,false
971,Hogan Averay,haverayqy@nps.gov,EXECUTIVE SECRETARY,true
972,Flo Flockhart,fflockhartqz@sun.com,HELP DESK TECHNICIAN,true
973,Mord MacLaverty,mmaclavertyr0@mashable.com,ADMINISTRATIVE OFFICER,true
974,Cassandre Eck,ceckr1@indiegogo.com,ACTUARY,true
975,Emmye Lee,eleer2@pagesperso-orange.fr,DIRECTOR OF SALES,false
976,Trefor Danbye,tdanbyer3@vk.com,BUDGET/ACCOUNTING ANALYST III,false
977,Andy Pikesley,apikesleyr4@weebly.com,TAX ACCOUNTANT,true
978,Paco Baglin,pbaglinr5@europa.eu,GRAPHIC DESIGNER,false
979,Carmella Denmead,cdenmeadr6@walmart.com,COMPENSATION ANALYST,false
980,Nefen Collier,ncollierr7@wiley.com,FINANCIAL ANALYST,true
981,Marge Arson,marsonr8@google.de,VP MARKETING,true
982,Wallie Aisbett,waisbettr9@ca.gov,ELECTRICAL ENGINEER,false
983,Rutter Mucklo,rmucklora@howstuffworks.com,ACCOUNT EXECUTIVE,true
984,Caressa Flacke,cflackerb@taobao.com,ADMINISTRATIVE ASSISTANT II,true
985,Nahum Angliss,nanglissrc@amazon.com,DIRECTOR OF SALES,false
986,Rosanne Pembridge,rpembridgerd@1und1.de,SENIOR COST ACCOUNTANT,false
987,Merry Feltham,mfelthamre@baidu.com,GRAPHIC DESIGNER,false
988,Lionello Langtry,llangtryrf@mlb.com,SAFETY TECHNICIAN I,false
989,Rosalinda Larimer,rlarimerrg@dell.com,VP QUALITY CONTROL,true
990,Lesly Morden,lmordenrh@barnesandnoble.com,DIRECTOR OF SALES,true
991,Halette Klaas,hklaasri@simplemachines.org,REGISTERED NURSE,true
992,James Lovett,jlovettrj@i2i.jp,PAYMENT ADJUSTMENT COORDINATOR,true
993,Samuele Partlett,spartlettrk@flavors.me,REGISTERED NURSE,false
994,Ennis Griswood,egriswoodrl@ihg.com,FINANCIAL ANALYST,false
995,Dede Todhunter,dtodhunterrm@japanpost.jp,DESIGN ENGINEER,true
996,Madison Orry,morryrn@liveinternet.ru,FOOD CHEMIST,true
997,Rosalyn Kirgan,rkirganro@over-blog.com,GEOLOGIST II,true
998,Gerladina Brunicke,gbrunickerp@nymag.com,RESEARCH NURSE,true
999,Aurea Kopmann,akopmannrq@networkadvertising.org,COMPENSATION ANALYST,false
1000,Barn Metham,bmethamrr@hhs.gov,ENVIRONMENTAL SPECIALIST,true
